{"cameraMode":{"drawMode":0,"name":"Shaded","section":"Shading Mode"},"sceneLighting":true,"audioPlay":false,"sceneViewState":{"showFog":true,"showMaterialUpdate":false,"showSkybox":true,"showFlares":true,"showImageEffects":true,"showParticleSystems":true},"in2DMode":false,"pivot":{"x":-175.49160766601563,"y":-23.618738174438478,"z":-25.154407501220704},"rotation":{"x":-0.045130349695682529,"y":0.7779932022094727,"z":-0.056419286876916888,"w":-0.6242319941520691},"size":91.87689208984375,"orthographic":false}