{"cameraMode":{"drawMode":0,"name":"Shaded","section":"Shading Mode"},"sceneLighting":false,"audioPlay":false,"sceneViewState":{"showFog":true,"showMaterialUpdate":false,"showSkybox":false,"showFlares":true,"showImageEffects":true,"showParticleSystems":true},"in2DMode":false,"pivot":{"x":3.25437331199646,"y":-2.454641580581665,"z":17.055143356323243},"rotation":{"x":0.3143307864665985,"y":0.43616119027137759,"z":-0.16579969227313996,"w":0.8267541527748108},"size":3.8673360347747804,"orthographic":false}