{"cameraMode":{"drawMode":0,"name":"Shaded","section":"Shading Mode"},"sceneLighting":false,"audioPlay":false,"sceneViewState":{"showFog":true,"showMaterialUpdate":false,"showSkybox":false,"showFlares":true,"showImageEffects":true,"showParticleSystems":true},"in2DMode":false,"pivot":{"x":-9.586023330688477,"y":10.143998146057129,"z":-0.8799684643745422},"rotation":{"x":0.20536334812641145,"y":0.17599999904632569,"z":-0.03755225986242294,"w":0.9620301127433777},"size":8.266654014587403,"orthographic":false}